Username,Password
auth@qa4.com
auth@qa5.com
auth@qa7.com
auth@qa8.com
auth@qa9.com
auth@qa10.com
auth@qa11.com
auth@qa12.com
auth@qa13.com
auth@qa14.com
auth@qa15.com
auth@qa16.com
auth@qa17.com
auth@qa18.com
auth@qa19.com
auth@qa20.com
auth@qa21.com
auth@qa22.com
auth@qa23.com
auth@qa24.com
auth@qa25.com
auth@qa26.com
auth@qa27.com
auth@qa28.com
auth@qa29.com
auth@qa30.com
auth@qa31.com
auth@qa32.com
auth@qa33.com
auth@qa34.com
auth@qa35.com
auth@qa36.com
auth@qa37.com
auth@qa38.com
auth@qa39.com
auth@qa40.com
auth@qa41.com
auth@qa42.com
auth@qa43.com
auth@qa44.com
auth@qa45.com
auth@qa46.com
auth@qa47.com
auth@qa48.com
auth@qa49.com
auth@qa50.com
auth@qa51.com
auth@qa52.com
auth@qa53.com
auth@qa54.com
auth@qa55.com
auth@qa56.com
auth@qa57.com
auth@qa58.com
auth@qa59.com
auth@qa60.com
auth@qa61.com
auth@qa62.com
auth@qa63.com
auth@qa64.com
auth@qa65.com
auth@qa66.com
auth@qa67.com
auth@qa68.com
auth@qa69.com
auth@qa70.com
auth@qa71.com
auth@qa72.com
auth@qa73.com
auth@qa74.com
auth@qa75.com
auth@qa76.com
auth@qa77.com
auth@qa78.com
auth@qa79.com
auth@qa80.com
auth@qa81.com
auth@qa82.com
auth@qa83.com
auth@qa84.com
auth@qa85.com
auth@qa86.com
auth@qa87.com
auth@qa88.com
auth@qa89.com
auth@qa90.com
auth@qa91.com
auth@qa92.com
auth@qa93.com
auth@qa94.com
auth@qa95.com
auth@qa96.com
auth@qa97.com
auth@qa98.com
auth@qa99.com
auth@qa100.com
auth@qa101.com
auth@qa102.com
auth@qa103.com
auth@qa104.com
auth@qa105.com
auth@qa106.com
auth@qa107.com
auth@qa108.com
auth@qa109.com
auth@qa110.com
auth@qa111.com
auth@qa112.com
auth@qa113.com
auth@qa114.com
auth@qa115.com
auth@qa116.com
auth@qa117.com
auth@qa118.com
auth@qa119.com
auth@qa120.com
auth@qa121.com
auth@qa122.com
auth@qa123.com
auth@qa124.com
auth@qa125.com
auth@qa126.com
auth@qa127.com
auth@qa128.com
auth@qa129.com
auth@qa130.com
auth@qa131.com
auth@qa132.com
auth@qa133.com
auth@qa134.com
auth@qa135.com
auth@qa136.com
auth@qa137.com
auth@qa138.com
auth@qa139.com
auth@qa140.com
auth@qa141.com
auth@qa142.com
auth@qa143.com
auth@qa144.com
auth@qa145.com
auth@qa146.com
auth@qa147.com
auth@qa148.com
auth@qa149.com
auth@qa150.com
auth@qa151.com
auth@qa152.com
auth@qa153.com
auth@qa154.com
auth@qa155.com
auth@qa156.com
auth@qa157.com
auth@qa158.com
auth@qa159.com
auth@qa160.com
auth@qa161.com
auth@qa162.com
auth@qa163.com
auth@qa164.com
auth@qa165.com
auth@qa166.com
auth@qa167.com
auth@qa168.com
auth@qa169.com
auth@qa170.com
auth@qa171.com
auth@qa172.com
auth@qa173.com
auth@qa174.com
auth@qa175.com
auth@qa176.com
auth@qa177.com
auth@qa178.com
auth@qa179.com
auth@qa180.com
auth@qa181.com
auth@qa182.com
auth@qa183.com
auth@qa184.com
auth@qa185.com
auth@qa186.com
auth@qa187.com
auth@qa188.com
auth@qa189.com
auth@qa190.com
auth@qa191.com
auth@qa192.com
auth@qa193.com
auth@qa194.com
auth@qa195.com
auth@qa196.com
auth@qa197.com
auth@qa198.com
auth@qa199.com
auth@qa200.com
auth@qa201.com
auth@qa202.com
auth@qa203.com
auth@qa204.com
auth@qa205.com
auth@qa206.com
auth@qa207.com
auth@qa208.com
auth@qa209.com
auth@qa210.com
auth@qa211.com
auth@qa212.com
auth@qa213.com
auth@qa214.com
auth@qa215.com
auth@qa216.com
auth@qa217.com
auth@qa218.com
auth@qa219.com
auth@qa220.com
auth@qa221.com
auth@qa222.com
auth@qa223.com
auth@qa224.com
auth@qa225.com
auth@qa226.com
auth@qa227.com
auth@qa228.com
auth@qa229.com
auth@qa230.com
auth@qa231.com
auth@qa232.com
auth@qa233.com
auth@qa234.com
auth@qa235.com
auth@qa236.com
auth@qa237.com
auth@qa238.com
auth@qa239.com
auth@qa240.com
auth@qa241.com
auth@qa242.com
auth@qa243.com
auth@qa244.com
auth@qa245.com
auth@qa246.com
auth@qa247.com
auth@qa248.com
auth@qa249.com
auth@qa250.com
auth@qa251.com
auth@qa252.com
auth@qa253.com
auth@qa254.com
auth@qa255.com
auth@qa256.com
auth@qa257.com
auth@qa258.com
auth@qa259.com
auth@qa260.com
auth@qa261.com
auth@qa262.com
auth@qa263.com
auth@qa264.com
auth@qa265.com
auth@qa266.com
auth@qa267.com
auth@qa268.com
auth@qa269.com
auth@qa270.com
auth@qa271.com
auth@qa272.com
auth@qa273.com
auth@qa274.com
auth@qa275.com
auth@qa276.com
auth@qa277.com
auth@qa278.com
auth@qa279.com
auth@qa280.com
auth@qa281.com
auth@qa282.com
auth@qa283.com
auth@qa284.com
auth@qa285.com
auth@qa286.com
auth@qa287.com
auth@qa288.com
auth@qa289.com
auth@qa290.com
auth@qa291.com
auth@qa292.com
auth@qa293.com
auth@qa294.com
auth@qa295.com
auth@qa296.com
auth@qa297.com
auth@qa298.com
auth@qa299.com
auth@qa300.com
auth@qa301.com
auth@qa302.com
auth@qa303.com
auth@qa304.com
auth@qa305.com
auth@qa306.com
auth@qa307.com
auth@qa308.com
auth@qa309.com
auth@qa310.com
auth@qa311.com
auth@qa312.com
auth@qa313.com
auth@qa314.com
auth@qa315.com
auth@qa316.com
auth@qa317.com
auth@qa318.com
auth@qa319.com
auth@qa320.com
auth@qa321.com
auth@qa322.com
auth@qa323.com
auth@qa324.com
auth@qa325.com
auth@qa326.com
auth@qa327.com
auth@qa328.com
auth@qa329.com
auth@qa330.com
auth@qa331.com
auth@qa332.com
auth@qa333.com
auth@qa334.com
auth@qa335.com
auth@qa336.com
auth@qa337.com
auth@qa338.com
auth@qa339.com
auth@qa340.com
auth@qa341.com
auth@qa342.com
auth@qa343.com
auth@qa344.com
auth@qa345.com
auth@qa346.com
auth@qa347.com
auth@qa348.com
auth@qa349.com
auth@qa350.com
auth@qa351.com
auth@qa352.com
auth@qa353.com
auth@qa354.com
auth@qa355.com
auth@qa356.com
auth@qa357.com
auth@qa358.com
auth@qa359.com
auth@qa360.com
auth@qa361.com
auth@qa362.com
auth@qa363.com
auth@qa364.com
auth@qa365.com
auth@qa366.com
auth@qa367.com
auth@qa368.com
auth@qa369.com
auth@qa370.com
auth@qa371.com
auth@qa372.com
auth@qa373.com
auth@qa374.com
auth@qa375.com
auth@qa376.com
auth@qa377.com
auth@qa378.com
auth@qa379.com
auth@qa380.com
auth@qa381.com
auth@qa382.com
auth@qa383.com
auth@qa384.com
auth@qa385.com
auth@qa386.com
auth@qa387.com
auth@qa388.com
auth@qa389.com
auth@qa390.com
auth@qa391.com
auth@qa392.com
auth@qa393.com
auth@qa394.com
auth@qa395.com
auth@qa396.com
auth@qa397.com
auth@qa398.com
auth@qa399.com
auth@qa400.com
auth@qa401.com
auth@qa402.com
auth@qa403.com
auth@qa404.com
auth@qa405.com
auth@qa406.com
auth@qa407.com
auth@qa408.com
auth@qa409.com
auth@qa410.com
auth@qa411.com
auth@qa412.com
auth@qa413.com
auth@qa414.com
auth@qa415.com
auth@qa416.com
auth@qa417.com
auth@qa418.com
auth@qa419.com
auth@qa420.com
auth@qa421.com
auth@qa422.com
auth@qa423.com
auth@qa424.com
auth@qa425.com
auth@qa426.com
auth@qa427.com
auth@qa428.com
auth@qa429.com
auth@qa430.com
auth@qa431.com
auth@qa432.com
auth@qa433.com
auth@qa434.com
auth@qa435.com
auth@qa436.com
auth@qa437.com
auth@qa438.com
auth@qa439.com
auth@qa440.com
auth@qa441.com
auth@qa442.com
auth@qa443.com
auth@qa444.com
auth@qa445.com
auth@qa446.com
auth@qa447.com
auth@qa448.com
auth@qa449.com
auth@qa450.com
auth@qa451.com
auth@qa452.com
auth@qa453.com
auth@qa454.com
auth@qa455.com
auth@qa456.com
auth@qa457.com
auth@qa458.com
auth@qa459.com
auth@qa460.com
auth@qa461.com
auth@qa462.com
auth@qa463.com
auth@qa464.com
auth@qa465.com
auth@qa466.com
auth@qa467.com
auth@qa468.com
auth@qa469.com
auth@qa470.com
auth@qa471.com
auth@qa472.com
auth@qa473.com
auth@qa474.com
auth@qa475.com
auth@qa476.com
auth@qa477.com
auth@qa478.com
auth@qa479.com
auth@qa480.com
auth@qa481.com
auth@qa482.com
auth@qa483.com
auth@qa484.com
auth@qa485.com
auth@qa486.com
auth@qa487.com
auth@qa488.com
auth@qa489.com
auth@qa490.com
auth@qa491.com
auth@qa492.com
auth@qa493.com
auth@qa494.com
auth@qa495.com
auth@qa496.com
auth@qa497.com
auth@qa498.com
auth@qa499.com
auth@qa500.com
auth@qa501.com
auth@qa502.com
auth@qa503.com
auth@qa504.com
auth@qa505.com
auth@qa506.com
auth@qa507.com
auth@qa508.com
auth@qa509.com
auth@qa510.com
auth@qa511.com
auth@qa512.com
auth@qa513.com
auth@qa514.com
auth@qa515.com
auth@qa516.com
auth@qa517.com
auth@qa518.com
auth@qa519.com
auth@qa520.com
auth@qa521.com
auth@qa522.com
auth@qa523.com
auth@qa524.com
auth@qa525.com
auth@qa526.com
auth@qa527.com
auth@qa528.com
auth@qa529.com
auth@qa530.com
auth@qa531.com
auth@qa532.com
auth@qa533.com
auth@qa534.com
auth@qa535.com
auth@qa536.com
auth@qa537.com
auth@qa538.com
auth@qa539.com
auth@qa540.com
auth@qa541.com
auth@qa542.com
auth@qa543.com
auth@qa544.com
auth@qa545.com
auth@qa546.com
auth@qa547.com
auth@qa548.com
auth@qa549.com
auth@qa550.com
auth@qa551.com
auth@qa552.com
auth@qa553.com
auth@qa554.com
auth@qa555.com
auth@qa556.com
auth@qa557.com
auth@qa558.com
auth@qa559.com
auth@qa560.com
auth@qa561.com
auth@qa562.com
auth@qa563.com
auth@qa564.com
auth@qa565.com
auth@qa566.com
auth@qa567.com
auth@qa568.com
auth@qa569.com
auth@qa570.com
auth@qa571.com
auth@qa572.com
auth@qa573.com
auth@qa574.com
auth@qa575.com
auth@qa576.com
auth@qa577.com
auth@qa578.com
auth@qa579.com
auth@qa580.com
auth@qa581.com
auth@qa582.com
auth@qa583.com
auth@qa584.com
auth@qa585.com
auth@qa586.com
auth@qa587.com
auth@qa588.com
auth@qa589.com
auth@qa590.com
auth@qa591.com
auth@qa592.com
auth@qa593.com
auth@qa594.com
auth@qa595.com
auth@qa596.com
auth@qa597.com
auth@qa598.com
auth@qa599.com
auth@qa600.com
auth@qa601.com
auth@qa602.com
auth@qa603.com
auth@qa604.com
auth@qa605.com
auth@qa606.com
auth@qa607.com
auth@qa608.com
auth@qa609.com
auth@qa610.com
auth@qa611.com
auth@qa612.com
auth@qa613.com
auth@qa614.com
auth@qa615.com
auth@qa616.com
auth@qa617.com
auth@qa618.com
auth@qa619.com
auth@qa620.com
auth@qa621.com
auth@qa622.com
auth@qa623.com
auth@qa624.com
auth@qa625.com
auth@qa626.com
auth@qa627.com
auth@qa628.com
auth@qa629.com
auth@qa630.com
auth@qa631.com
auth@qa632.com
auth@qa633.com
auth@qa634.com
auth@qa635.com
auth@qa636.com
auth@qa637.com
auth@qa638.com
auth@qa639.com
auth@qa640.com
auth@qa641.com
auth@qa642.com
auth@qa643.com
auth@qa644.com
auth@qa645.com
auth@qa646.com
auth@qa647.com
auth@qa648.com
auth@qa649.com
auth@qa650.com
auth@qa651.com
auth@qa652.com
auth@qa653.com
auth@qa654.com
auth@qa655.com
auth@qa656.com
auth@qa657.com
auth@qa658.com
auth@qa659.com
auth@qa660.com
auth@qa661.com
auth@qa662.com
auth@qa663.com
auth@qa664.com
auth@qa665.com
auth@qa666.com
auth@qa667.com
auth@qa668.com
auth@qa669.com
auth@qa670.com
auth@qa671.com
auth@qa672.com
auth@qa673.com
auth@qa674.com
auth@qa675.com
auth@qa676.com
auth@qa677.com
auth@qa678.com
auth@qa679.com
auth@qa680.com
auth@qa681.com
auth@qa682.com
auth@qa683.com
auth@qa684.com
auth@qa685.com
auth@qa686.com
auth@qa687.com
auth@qa688.com
auth@qa689.com
auth@qa690.com
auth@qa691.com
auth@qa692.com
auth@qa693.com
auth@qa694.com
auth@qa695.com
auth@qa696.com
auth@qa697.com
auth@qa698.com
auth@qa699.com
auth@qa700.com
auth@qa701.com
auth@qa702.com
auth@qa703.com
auth@qa704.com
auth@qa705.com
auth@qa706.com
auth@qa707.com
auth@qa708.com
auth@qa709.com
auth@qa710.com
auth@qa711.com
auth@qa712.com
auth@qa713.com
auth@qa714.com
auth@qa715.com
auth@qa716.com
auth@qa717.com
auth@qa718.com
auth@qa719.com
auth@qa720.com
auth@qa721.com
auth@qa722.com
auth@qa723.com
auth@qa724.com
auth@qa725.com
auth@qa726.com
auth@qa727.com
auth@qa728.com
auth@qa729.com
auth@qa730.com
auth@qa731.com
auth@qa732.com
auth@qa733.com
auth@qa734.com
auth@qa735.com
auth@qa736.com
auth@qa737.com
auth@qa738.com
auth@qa739.com
auth@qa740.com
auth@qa741.com
auth@qa742.com
auth@qa743.com
auth@qa744.com
auth@qa745.com
auth@qa746.com
auth@qa747.com
auth@qa748.com
auth@qa749.com
auth@qa750.com
auth@qa751.com
auth@qa752.com
auth@qa753.com
auth@qa754.com
auth@qa755.com
auth@qa756.com
auth@qa757.com
auth@qa758.com
auth@qa759.com
auth@qa760.com
auth@qa761.com
auth@qa762.com
auth@qa763.com
auth@qa764.com
auth@qa765.com
auth@qa766.com
auth@qa767.com
auth@qa768.com
auth@qa769.com
auth@qa770.com
auth@qa771.com
auth@qa772.com
auth@qa773.com
auth@qa774.com
auth@qa775.com
auth@qa776.com
auth@qa777.com
auth@qa778.com
auth@qa779.com
auth@qa780.com
auth@qa781.com
auth@qa782.com
auth@qa783.com
auth@qa784.com
auth@qa785.com
auth@qa786.com
auth@qa787.com
auth@qa788.com
auth@qa789.com
auth@qa790.com
auth@qa791.com
auth@qa792.com
auth@qa793.com
auth@qa794.com
auth@qa795.com
auth@qa796.com
auth@qa797.com
auth@qa798.com
auth@qa799.com
auth@qa800.com
auth@qa801.com
auth@qa802.com
auth@qa803.com
auth@qa804.com
auth@qa805.com
auth@qa806.com
auth@qa807.com
auth@qa808.com
auth@qa809.com
auth@qa810.com
auth@qa811.com
auth@qa812.com
auth@qa813.com
auth@qa814.com
auth@qa815.com
auth@qa816.com
auth@qa817.com
auth@qa818.com
auth@qa819.com
auth@qa820.com
auth@qa821.com
auth@qa822.com
auth@qa823.com
auth@qa824.com
auth@qa825.com
auth@qa826.com
auth@qa827.com
auth@qa828.com
auth@qa829.com
auth@qa830.com
auth@qa831.com
auth@qa832.com
auth@qa833.com
auth@qa834.com
auth@qa835.com
auth@qa836.com
auth@qa837.com
auth@qa838.com
auth@qa839.com
auth@qa840.com
auth@qa841.com
auth@qa842.com
auth@qa843.com
auth@qa844.com
auth@qa845.com
auth@qa846.com
auth@qa847.com
auth@qa848.com
auth@qa849.com
auth@qa850.com
auth@qa851.com
auth@qa852.com
auth@qa853.com
auth@qa854.com
auth@qa855.com
auth@qa856.com
auth@qa857.com
auth@qa858.com
auth@qa859.com
auth@qa860.com
auth@qa861.com
auth@qa862.com
auth@qa863.com
auth@qa864.com
auth@qa865.com
auth@qa866.com
auth@qa867.com
auth@qa868.com
auth@qa869.com
auth@qa870.com
auth@qa871.com
auth@qa872.com
auth@qa873.com
auth@qa874.com
auth@qa875.com
auth@qa876.com
auth@qa877.com
auth@qa878.com
auth@qa879.com
auth@qa880.com
auth@qa881.com
auth@qa882.com
auth@qa883.com
auth@qa884.com
auth@qa885.com
auth@qa886.com
auth@qa887.com
auth@qa888.com
auth@qa889.com
auth@qa890.com
auth@qa891.com
auth@qa892.com
auth@qa893.com
auth@qa894.com
auth@qa895.com
auth@qa896.com
auth@qa897.com
auth@qa898.com
auth@qa899.com
auth@qa900.com
auth@qa901.com
auth@qa902.com
auth@qa903.com
auth@qa904.com
auth@qa905.com
auth@qa906.com
auth@qa907.com
auth@qa908.com
auth@qa909.com
auth@qa910.com
auth@qa911.com
auth@qa912.com
auth@qa913.com
auth@qa914.com
auth@qa915.com
auth@qa916.com
auth@qa917.com
auth@qa918.com
auth@qa919.com
auth@qa920.com
auth@qa921.com
auth@qa922.com
auth@qa923.com
auth@qa924.com
auth@qa925.com
auth@qa926.com
auth@qa927.com
auth@qa928.com
auth@qa929.com
auth@qa930.com
auth@qa931.com
auth@qa932.com
auth@qa933.com
auth@qa934.com
auth@qa935.com
auth@qa936.com
auth@qa937.com
auth@qa938.com
auth@qa939.com
auth@qa940.com
auth@qa941.com
auth@qa942.com
auth@qa943.com
auth@qa944.com
auth@qa945.com
auth@qa946.com
auth@qa947.com
auth@qa948.com
auth@qa949.com
auth@qa950.com
auth@qa951.com
auth@qa952.com
auth@qa953.com
auth@qa954.com
auth@qa955.com
auth@qa956.com
auth@qa957.com
auth@qa958.com
auth@qa959.com
auth@qa960.com
auth@qa961.com
auth@qa962.com
auth@qa963.com
auth@qa964.com
auth@qa965.com
auth@qa966.com
auth@qa967.com
auth@qa968.com
auth@qa969.com
auth@qa970.com
auth@qa971.com
auth@qa972.com
auth@qa973.com
auth@qa974.com
auth@qa975.com
auth@qa976.com
auth@qa977.com
auth@qa978.com
auth@qa979.com
auth@qa980.com
auth@qa981.com
auth@qa982.com
auth@qa983.com
auth@qa984.com
auth@qa985.com
auth@qa986.com
auth@qa987.com
auth@qa988.com
auth@qa989.com
auth@qa990.com
auth@qa991.com
auth@qa992.com
auth@qa993.com
auth@qa994.com
auth@qa995.com
auth@qa996.com
auth@qa997.com
auth@qa998.com
auth@qa999.com
auth@qa1000.com
auth@qa1001.com
auth@qa1002.com
auth@qa1003.com
auth@qa1004.com
auth@1qa4.com
auth@1qa5.com
auth@1qa6.com
auth@1qa8.com
auth@1qa9.com
auth@1qa10.com
auth@1qa11.com
auth@1qa12.com
auth@1qa13.com
auth@1qa14.com
auth@1qa15.com
auth@1qa16.com
auth@1qa17.com
auth@1qa18.com
auth@1qa19.com
auth@1qa20.com
auth@1qa21.com
auth@1qa22.com
auth@1qa23.com
auth@1qa24.com
auth@1qa25.com
auth@1qa26.com
auth@1qa27.com
auth@1qa28.com
auth@1qa29.com
auth@1qa30.com
auth@1qa31.com
auth@1qa32.com
auth@1qa33.com
auth@1qa34.com
auth@1qa35.com
auth@1qa36.com
auth@1qa37.com
auth@1qa38.com
auth@1qa39.com
auth@1qa40.com
auth@1qa41.com
auth@1qa42.com
auth@1qa43.com
auth@1qa44.com
auth@1qa45.com
auth@1qa46.com
auth@1qa47.com
auth@1qa48.com
auth@1qa49.com
auth@1qa50.com
auth@1qa51.com
auth@1qa52.com
auth@1qa53.com
auth@1qa54.com
auth@1qa55.com
auth@1qa56.com
auth@1qa57.com
auth@1qa58.com
auth@1qa59.com
auth@1qa60.com
auth@1qa61.com
auth@1qa62.com
auth@1qa63.com
auth@1qa64.com
auth@1qa65.com
auth@1qa66.com
auth@1qa67.com
auth@1qa68.com
auth@1qa69.com
auth@1qa70.com
auth@1qa71.com
auth@1qa72.com
auth@1qa73.com
auth@1qa74.com
auth@1qa75.com
auth@1qa76.com
auth@1qa77.com
auth@1qa78.com
auth@1qa79.com
auth@1qa80.com
auth@1qa81.com
auth@1qa82.com
auth@1qa83.com
auth@1qa84.com
auth@1qa85.com
auth@1qa86.com
auth@1qa87.com
auth@1qa88.com
auth@1qa89.com
auth@1qa90.com
auth@1qa91.com
auth@1qa92.com
auth@1qa93.com
auth@1qa94.com
auth@1qa95.com
auth@1qa96.com
auth@1qa97.com
auth@1qa98.com
auth@1qa99.com
auth@1qa100.com
auth@1qa101.com
auth@1qa102.com
auth@1qa103.com
auth@1qa104.com
auth@1qa105.com
auth@1qa106.com
auth@1qa107.com
auth@1qa108.com
auth@1qa109.com
auth@1qa110.com
auth@1qa111.com
auth@1qa112.com
auth@1qa113.com
auth@1qa114.com
auth@1qa115.com
auth@1qa116.com
auth@1qa117.com
auth@1qa118.com
auth@1qa119.com
auth@1qa120.com
auth@1qa121.com
auth@1qa122.com
auth@1qa123.com
auth@1qa124.com
auth@1qa125.com
auth@1qa126.com
auth@1qa127.com
auth@1qa128.com
auth@1qa129.com
auth@1qa130.com
auth@1qa131.com
auth@1qa132.com
auth@1qa133.com
auth@1qa134.com
auth@1qa135.com
auth@1qa136.com
auth@1qa137.com
auth@1qa138.com
auth@1qa139.com
auth@1qa140.com
auth@1qa141.com
auth@1qa142.com
auth@1qa143.com
auth@1qa144.com
auth@1qa145.com
auth@1qa146.com
auth@1qa147.com
auth@1qa148.com
auth@1qa149.com
auth@1qa150.com
auth@1qa151.com
auth@1qa152.com
auth@1qa153.com
auth@1qa154.com
auth@1qa155.com
auth@1qa156.com
auth@1qa157.com
auth@1qa158.com
auth@1qa159.com
auth@1qa160.com
auth@1qa161.com
auth@1qa162.com
auth@1qa163.com
auth@1qa164.com
auth@1qa165.com
auth@1qa166.com
auth@1qa167.com
auth@1qa168.com
auth@1qa169.com
auth@1qa170.com
auth@1qa171.com
auth@1qa172.com
auth@1qa173.com
auth@1qa174.com
auth@1qa175.com
auth@1qa176.com
auth@1qa177.com
auth@1qa178.com
auth@1qa179.com
auth@1qa180.com
auth@1qa181.com
auth@1qa182.com
auth@1qa183.com
auth@1qa184.com
auth@1qa185.com
auth@1qa186.com
auth@1qa187.com
auth@1qa188.com
auth@1qa189.com
auth@1qa190.com
auth@1qa191.com
auth@1qa192.com
auth@1qa193.com
auth@1qa194.com
auth@1qa195.com
auth@1qa196.com
auth@1qa197.com
auth@1qa198.com
auth@1qa199.com
auth@1qa200.com
auth@1qa201.com
auth@1qa202.com
auth@1qa203.com
auth@1qa204.com
auth@1qa205.com
auth@1qa206.com
auth@1qa207.com
auth@1qa208.com
auth@1qa209.com
auth@1qa210.com
auth@1qa211.com
auth@1qa212.com
auth@1qa213.com
auth@1qa214.com
auth@1qa215.com
auth@1qa216.com
auth@1qa217.com
auth@1qa218.com
auth@1qa219.com
auth@1qa220.com
auth@1qa221.com
auth@1qa222.com
auth@1qa223.com
auth@1qa224.com
auth@1qa225.com
auth@1qa226.com
auth@1qa227.com
auth@1qa228.com
auth@1qa229.com
auth@1qa230.com
auth@1qa231.com
auth@1qa232.com
auth@1qa233.com
auth@1qa234.com
auth@1qa235.com
auth@1qa236.com
auth@1qa237.com
auth@1qa238.com
auth@1qa239.com
auth@1qa240.com
auth@1qa241.com
auth@1qa242.com
auth@1qa243.com
auth@1qa244.com
auth@1qa245.com
auth@1qa246.com
auth@1qa247.com
auth@1qa248.com
auth@1qa249.com
auth@1qa250.com
auth@1qa251.com
auth@1qa252.com
auth@1qa253.com
auth@1qa254.com
auth@1qa255.com
auth@1qa256.com
auth@1qa257.com
auth@1qa258.com
auth@1qa259.com
auth@1qa260.com
auth@1qa261.com
auth@1qa262.com
auth@1qa263.com
auth@1qa264.com
auth@1qa265.com
auth@1qa266.com
auth@1qa267.com
auth@1qa268.com
auth@1qa269.com
auth@1qa270.com
auth@1qa271.com
auth@1qa272.com
auth@1qa273.com
auth@1qa274.com
auth@1qa275.com
auth@1qa276.com
auth@1qa277.com
auth@1qa278.com
auth@1qa279.com
auth@1qa280.com
auth@1qa281.com
auth@1qa282.com
auth@1qa283.com
auth@1qa284.com
auth@1qa285.com
auth@1qa286.com
auth@1qa287.com
auth@1qa288.com
auth@1qa289.com
auth@1qa290.com
auth@1qa291.com
auth@1qa292.com
auth@1qa293.com
auth@1qa294.com
auth@1qa295.com
auth@1qa296.com
auth@1qa297.com
auth@1qa298.com
auth@1qa299.com
auth@1qa300.com
auth@1qa301.com
auth@1qa302.com
auth@1qa303.com
auth@1qa304.com
auth@1qa305.com
auth@1qa306.com
auth@1qa307.com
auth@1qa308.com
auth@1qa309.com
auth@1qa310.com
auth@1qa311.com
auth@1qa312.com
auth@1qa313.com
auth@1qa314.com
auth@1qa315.com
auth@1qa316.com
auth@1qa317.com
auth@1qa318.com
auth@1qa319.com
auth@1qa320.com
auth@1qa321.com
auth@1qa322.com
auth@1qa323.com
auth@1qa324.com
auth@1qa325.com
auth@1qa326.com
auth@1qa327.com
auth@1qa328.com
auth@1qa329.com
auth@1qa330.com
auth@1qa331.com
auth@1qa332.com
auth@1qa333.com
auth@1qa334.com
auth@1qa335.com
auth@1qa336.com
auth@1qa337.com
auth@1qa338.com
auth@1qa339.com
auth@1qa340.com
auth@1qa341.com
auth@1qa342.com
auth@1qa343.com
auth@1qa344.com
auth@1qa345.com
auth@1qa346.com
auth@1qa347.com
auth@1qa348.com
auth@1qa349.com
auth@1qa350.com
auth@1qa351.com
auth@1qa352.com
auth@1qa353.com
auth@1qa354.com
auth@1qa355.com
auth@1qa356.com
auth@1qa357.com
auth@1qa358.com
auth@1qa359.com
auth@1qa360.com
auth@1qa361.com
auth@1qa362.com
auth@1qa363.com
auth@1qa364.com
auth@1qa365.com
auth@1qa366.com
auth@1qa367.com
auth@1qa368.com
auth@1qa369.com
auth@1qa370.com
auth@1qa371.com
auth@1qa372.com
auth@1qa373.com
auth@1qa374.com
auth@1qa375.com
auth@1qa376.com
auth@1qa377.com
auth@1qa378.com
auth@1qa379.com
auth@1qa380.com
auth@1qa381.com
auth@1qa382.com
auth@1qa383.com
auth@1qa384.com
auth@1qa385.com
auth@1qa386.com
auth@1qa387.com
auth@1qa388.com
auth@1qa389.com
auth@1qa390.com
auth@1qa391.com
auth@1qa392.com
auth@1qa393.com
auth@1qa394.com
auth@1qa395.com
auth@1qa396.com
auth@1qa397.com
auth@1qa398.com
auth@1qa399.com
auth@1qa400.com
auth@1qa401.com
auth@1qa402.com
auth@1qa403.com
auth@1qa404.com
auth@1qa405.com
auth@1qa406.com
auth@1qa407.com
auth@1qa408.com
auth@1qa409.com
auth@1qa410.com
auth@1qa411.com
auth@1qa412.com
auth@1qa413.com
auth@1qa414.com
auth@1qa415.com
auth@1qa416.com
auth@1qa417.com
auth@1qa418.com
auth@1qa419.com
auth@1qa420.com
auth@1qa421.com
auth@1qa422.com
auth@1qa423.com
auth@1qa424.com
auth@1qa425.com
auth@1qa426.com
auth@1qa427.com
auth@1qa428.com
auth@1qa429.com
auth@1qa430.com
auth@1qa431.com
auth@1qa432.com
auth@1qa433.com
auth@1qa434.com
auth@1qa435.com
auth@1qa436.com
auth@1qa437.com
auth@1qa438.com
auth@1qa439.com
auth@1qa440.com
auth@1qa441.com
auth@1qa442.com
auth@1qa443.com
auth@1qa444.com
auth@1qa445.com
auth@1qa446.com
auth@1qa447.com
auth@1qa448.com
auth@1qa449.com
auth@1qa450.com
auth@1qa451.com
auth@1qa452.com
auth@1qa453.com
auth@1qa454.com
auth@1qa455.com
auth@1qa456.com
auth@1qa457.com
auth@1qa458.com
auth@1qa459.com
auth@1qa460.com
auth@1qa461.com
auth@1qa462.com
auth@1qa463.com
auth@1qa464.com
auth@1qa465.com
auth@1qa466.com
auth@1qa467.com
auth@1qa468.com
auth@1qa469.com
auth@1qa470.com
auth@1qa471.com
auth@1qa472.com
auth@1qa473.com
auth@1qa474.com
auth@1qa475.com
auth@1qa476.com
auth@1qa477.com
auth@1qa478.com
auth@1qa479.com
auth@1qa480.com
auth@1qa481.com
auth@1qa482.com
auth@1qa483.com
auth@1qa484.com
auth@1qa485.com
auth@1qa486.com
auth@1qa487.com
auth@1qa488.com
auth@1qa489.com
auth@1qa490.com
auth@1qa491.com
auth@1qa492.com
auth@1qa493.com
auth@1qa494.com
auth@1qa495.com
auth@1qa496.com
auth@1qa497.com
auth@1qa498.com
auth@1qa499.com
auth@1qa500.com
auth@1qa501.com
auth@1qa502.com
auth@1qa503.com
auth@1qa504.com
auth@1qa505.com
auth@1qa506.com
auth@1qa507.com
auth@1qa508.com
auth@1qa509.com
auth@1qa510.com
auth@1qa511.com
auth@1qa512.com
auth@1qa513.com
auth@1qa514.com
auth@1qa515.com
auth@1qa516.com
auth@1qa517.com
auth@1qa518.com
auth@1qa519.com
auth@1qa520.com
auth@1qa521.com
auth@1qa522.com
auth@1qa523.com
auth@1qa524.com
auth@1qa525.com
auth@1qa526.com
auth@1qa527.com
auth@1qa528.com
auth@1qa529.com
auth@1qa530.com
auth@1qa531.com
auth@1qa532.com
auth@1qa533.com
auth@1qa534.com
auth@1qa535.com
auth@1qa536.com
auth@1qa537.com
auth@1qa538.com
auth@1qa539.com
auth@1qa540.com
auth@1qa541.com
auth@1qa542.com
auth@1qa543.com
auth@1qa544.com
auth@1qa545.com
auth@1qa546.com
auth@1qa547.com
auth@1qa548.com
auth@1qa549.com
auth@1qa550.com
auth@1qa551.com
auth@1qa552.com
auth@1qa553.com
auth@1qa554.com
auth@1qa555.com
auth@1qa556.com
auth@1qa557.com
auth@1qa558.com
auth@1qa559.com
auth@1qa560.com
auth@1qa561.com
auth@1qa562.com
auth@1qa563.com
auth@1qa564.com
auth@1qa565.com
auth@1qa566.com
auth@1qa567.com
auth@1qa568.com
auth@1qa569.com
auth@1qa570.com
auth@1qa571.com
auth@1qa572.com
auth@1qa573.com
auth@1qa574.com
auth@1qa575.com
auth@1qa576.com
auth@1qa577.com
auth@1qa578.com
auth@1qa579.com
auth@1qa580.com
auth@1qa581.com
auth@1qa582.com
auth@1qa583.com
auth@1qa584.com
auth@1qa585.com
auth@1qa586.com
auth@1qa587.com
auth@1qa588.com
auth@1qa589.com
auth@1qa590.com
auth@1qa591.com
auth@1qa592.com
auth@1qa593.com
auth@1qa594.com
auth@1qa595.com
auth@1qa596.com
auth@1qa597.com
auth@1qa598.com
auth@1qa599.com
auth@1qa600.com
auth@1qa601.com
auth@1qa602.com
auth@1qa603.com
auth@1qa604.com
auth@1qa605.com
auth@1qa606.com
auth@1qa607.com
auth@1qa608.com
auth@1qa609.com
auth@1qa610.com
auth@1qa611.com
auth@1qa612.com
auth@1qa613.com
auth@1qa614.com
auth@1qa615.com
auth@1qa616.com
auth@1qa617.com
auth@1qa618.com
auth@1qa619.com
auth@1qa620.com
auth@1qa621.com
auth@1qa622.com
auth@1qa623.com
auth@1qa624.com
auth@1qa625.com
auth@1qa626.com
auth@1qa627.com
auth@1qa628.com
auth@1qa629.com
auth@1qa630.com
auth@1qa631.com
auth@1qa632.com
auth@1qa633.com
auth@1qa634.com
auth@1qa635.com
auth@1qa636.com
auth@1qa637.com
auth@1qa638.com
auth@1qa639.com
auth@1qa640.com
auth@1qa641.com
auth@1qa642.com
auth@1qa643.com
auth@1qa644.com
auth@1qa645.com
auth@1qa646.com
auth@1qa647.com
auth@1qa648.com
auth@1qa649.com
auth@1qa650.com
auth@1qa651.com
auth@1qa652.com
auth@1qa653.com
auth@1qa654.com
auth@1qa655.com
auth@1qa656.com
auth@1qa657.com
auth@1qa658.com
auth@1qa659.com
auth@1qa660.com
auth@1qa661.com
auth@1qa662.com
auth@1qa663.com
auth@1qa664.com
auth@1qa665.com
auth@1qa666.com
auth@1qa667.com
auth@1qa668.com
auth@1qa669.com
auth@1qa670.com
auth@1qa671.com
auth@1qa672.com
auth@1qa673.com
auth@1qa674.com
auth@1qa675.com
auth@1qa676.com
auth@1qa677.com
auth@1qa678.com
auth@1qa679.com
auth@1qa680.com
auth@1qa681.com
auth@1qa682.com
auth@1qa683.com
auth@1qa684.com
auth@1qa685.com
auth@1qa686.com
auth@1qa687.com
auth@1qa688.com
auth@1qa689.com
auth@1qa690.com
auth@1qa691.com
auth@1qa692.com
auth@1qa693.com
auth@1qa694.com
auth@1qa695.com
auth@1qa696.com
auth@1qa697.com
auth@1qa698.com
auth@1qa699.com
auth@1qa700.com
auth@1qa701.com
auth@1qa702.com
auth@1qa703.com
auth@1qa704.com
auth@1qa705.com
auth@1qa706.com
auth@1qa707.com
auth@1qa708.com
auth@1qa709.com
auth@1qa710.com
auth@1qa711.com
auth@1qa712.com
auth@1qa713.com
auth@1qa714.com
auth@1qa715.com
auth@1qa716.com
auth@1qa717.com
auth@1qa718.com
auth@1qa719.com
auth@1qa720.com
auth@1qa721.com
auth@1qa722.com
auth@1qa723.com
auth@1qa724.com
auth@1qa725.com
auth@1qa726.com
auth@1qa727.com
auth@1qa728.com
auth@1qa729.com
auth@1qa730.com
auth@1qa731.com
auth@1qa732.com
auth@1qa733.com
auth@1qa734.com
auth@1qa735.com
auth@1qa736.com
auth@1qa737.com
auth@1qa738.com
auth@1qa739.com
auth@1qa740.com
auth@1qa741.com
auth@1qa742.com
auth@1qa743.com
auth@1qa744.com
auth@1qa745.com
auth@1qa746.com
auth@1qa747.com
auth@1qa748.com
auth@1qa749.com
auth@1qa750.com
auth@1qa751.com
auth@1qa752.com
auth@1qa753.com
auth@1qa754.com
auth@1qa755.com
auth@1qa756.com
auth@1qa757.com
auth@1qa758.com
auth@1qa759.com
auth@1qa760.com
auth@1qa761.com
auth@1qa762.com
auth@1qa763.com
auth@1qa764.com
auth@1qa765.com
auth@1qa766.com
auth@1qa767.com
auth@1qa768.com
auth@1qa769.com
auth@1qa770.com
auth@1qa771.com
auth@1qa772.com
auth@1qa773.com
auth@1qa774.com
auth@1qa775.com
auth@1qa776.com
auth@1qa777.com
auth@1qa778.com
auth@1qa779.com
auth@1qa780.com
auth@1qa781.com
auth@1qa782.com
auth@1qa783.com
auth@1qa784.com
auth@1qa785.com
auth@1qa786.com
auth@1qa787.com
auth@1qa788.com
auth@1qa789.com
auth@1qa790.com
auth@1qa791.com
auth@1qa792.com
auth@1qa793.com
auth@1qa794.com
auth@1qa795.com
auth@1qa796.com
auth@1qa797.com
auth@1qa798.com
auth@1qa799.com
auth@1qa800.com
auth@1qa801.com
auth@1qa802.com
auth@1qa803.com
auth@1qa804.com
auth@1qa805.com
auth@1qa806.com
auth@1qa807.com
auth@1qa808.com
auth@1qa809.com
auth@1qa810.com
auth@1qa811.com
auth@1qa812.com
auth@1qa813.com
auth@1qa814.com
auth@1qa815.com
auth@1qa816.com
auth@1qa817.com
auth@1qa818.com
auth@1qa819.com
auth@1qa820.com
auth@1qa821.com
auth@1qa822.com
auth@1qa823.com
auth@1qa824.com
auth@1qa825.com
auth@1qa826.com
auth@1qa827.com
auth@1qa828.com
auth@1qa829.com
auth@1qa830.com
auth@1qa831.com
auth@1qa832.com
auth@1qa833.com
auth@1qa834.com
auth@1qa835.com
auth@1qa836.com
auth@1qa837.com
auth@1qa838.com
auth@1qa839.com
auth@1qa840.com
auth@1qa841.com
auth@1qa842.com
auth@1qa843.com
auth@1qa844.com
auth@1qa845.com
auth@1qa846.com
auth@1qa847.com
auth@1qa848.com
auth@1qa849.com
auth@1qa850.com
auth@1qa851.com
auth@1qa852.com
auth@1qa853.com
auth@1qa854.com
auth@1qa855.com
auth@1qa856.com
auth@1qa857.com
auth@1qa858.com
auth@1qa859.com
auth@1qa860.com
auth@1qa861.com
auth@1qa862.com
auth@1qa863.com
auth@1qa864.com
auth@1qa865.com
auth@1qa866.com
auth@1qa867.com
auth@1qa868.com
auth@1qa869.com
auth@1qa870.com
auth@1qa871.com
auth@1qa872.com
auth@1qa873.com
auth@1qa874.com
auth@1qa875.com
auth@1qa876.com
auth@1qa877.com
auth@1qa878.com
auth@1qa879.com
auth@1qa880.com
auth@1qa881.com
auth@1qa882.com
auth@1qa883.com
auth@1qa884.com
auth@1qa885.com
auth@1qa886.com
auth@1qa887.com
auth@1qa888.com
auth@1qa889.com
auth@1qa890.com
auth@1qa891.com
auth@1qa892.com
auth@1qa893.com
auth@1qa894.com
auth@1qa895.com
auth@1qa896.com
auth@1qa897.com
auth@1qa898.com
auth@1qa899.com
auth@1qa900.com
auth@1qa901.com
auth@1qa902.com
auth@1qa903.com
auth@1qa904.com
auth@1qa905.com
auth@1qa906.com
auth@1qa907.com
auth@1qa908.com
auth@1qa909.com
auth@1qa910.com
auth@1qa911.com
auth@1qa912.com
auth@1qa913.com
auth@1qa914.com
auth@1qa915.com
auth@1qa916.com
auth@1qa917.com
auth@1qa918.com
auth@1qa919.com
auth@1qa920.com
auth@1qa921.com
auth@1qa922.com
auth@1qa923.com
auth@1qa924.com
auth@1qa925.com
auth@1qa926.com
auth@1qa927.com
auth@1qa928.com
auth@1qa929.com
auth@1qa930.com
auth@1qa931.com
auth@1qa932.com
auth@1qa933.com
auth@1qa934.com
auth@1qa935.com
auth@1qa936.com
auth@1qa937.com
auth@1qa938.com
auth@1qa939.com
auth@1qa940.com
auth@1qa941.com
auth@1qa942.com
auth@1qa943.com
auth@1qa944.com
auth@1qa945.com
auth@1qa946.com
auth@1qa947.com
auth@1qa948.com
auth@1qa949.com
auth@1qa950.com
auth@1qa951.com
auth@1qa952.com
auth@1qa953.com
auth@1qa954.com
auth@1qa955.com
auth@1qa956.com
auth@1qa957.com
auth@1qa958.com
auth@1qa959.com
auth@1qa960.com
auth@1qa961.com
auth@1qa962.com
auth@1qa963.com
auth@1qa964.com
auth@1qa965.com
auth@1qa966.com
auth@1qa967.com
auth@1qa968.com
auth@1qa969.com
auth@1qa970.com
auth@1qa971.com
auth@1qa972.com
auth@1qa973.com
auth@1qa974.com
auth@1qa975.com
auth@1qa976.com
auth@1qa977.com
auth@1qa978.com
auth@1qa979.com
auth@1qa980.com
auth@1qa981.com
auth@1qa982.com
auth@1qa983.com
auth@1qa984.com
auth@1qa985.com
auth@1qa986.com
auth@1qa987.com
auth@1qa988.com
auth@1qa989.com
auth@1qa990.com
auth@1qa991.com
auth@1qa992.com
auth@1qa993.com
auth@1qa994.com
auth@1qa995.com
auth@1qa996.com
auth@1qa997.com
auth@1qa998.com
auth@1qa999.com
auth@1qa1000.com
auth@1qa1001.com
auth@1qa1002.com
auth@1qa1003.com
auth@1qa1004.com